kind,path,sha256_or_meta
hash,common/core/memory_subsystem/cache/cache_set_ecg.cc,42a4296439eef5109d2ad27b31acf30ef1b91ccad9dacdf3f4876389d8018f7b
hash,common/core/memory_subsystem/cache/cache_set_ecg.h,3d3a1b5fde745ea9b5fe10aeb0286b29d43bb98a4d592e7b7abf72ce26e51a54
hash,common/core/memory_subsystem/cache/cache_set_grasp.cc,0ac38b7531157f8b345920b21a7ce27cceda95d028a6c7375e0e72be8a535434
hash,common/core/memory_subsystem/cache/cache_set_grasp.h,e6ee05c0310b16c316e59d5d7db58d6e9c0b201ff620f8ebaf7b25313259e2c9
hash,common/core/memory_subsystem/cache/cache_set_popt.cc,0cf1848be1fc326919ad6071a45d4cd2f23f96990df6d47cdf20f984536014e3
hash,common/core/memory_subsystem/cache/cache_set_popt.h,9358c1d96a7cb3d74ab8b3aaf7184562df3033a5ee5954cef79872a3676caa6b
hash,common/core/memory_subsystem/cache/ecg_victim_policy.h,cad8b7b8d57f48680208bb10b536421fcc8ec624c94aa83389429f56dbe8ad6b
hash,common/core/memory_subsystem/cache/graph_cache_context_sniper.cc,fa804c3262c96641d7240436103055eb535aaafa2cb4566bae2afe484f71242e
hash,common/core/memory_subsystem/cache/graph_cache_context_sniper.h,a29d48e88b589e3924934bbf073ee5098f09d81138ae9952756fa04c6539b388
hash,common/core/memory_subsystem/parametric_dram_directory_msi/droplet_prefetcher.cc,a16892d1b66024ac028d324f41097f4e352c2d404f407cfb8c2afd4f464d698b
hash,common/core/memory_subsystem/parametric_dram_directory_msi/droplet_prefetcher.h,4e6556065c6043282a808fcf1d3471629fe6eceda274189d3ac20998d7589ac8
hash,common/core/memory_subsystem/parametric_dram_directory_msi/ecg_pfx_prefetcher.cc,f474306a613bcf4d3e2b1a8115fef0ec611aaabfd59eff1a6606c2e8cd7b073c
hash,common/core/memory_subsystem/parametric_dram_directory_msi/ecg_pfx_prefetcher.h,31446f6e66ccfa2bccea5550f074f423d3fa9b1e803e6740c71292e09159ca89
